-- phpMyAdmin SQL Dump
-- version 3.5.8.1
-- http://www.phpmyadmin.net
--
-- Host: localhost
-- Generation Time: Jun 28, 2013 at 10:19 AM
-- Server version: 5.5.32
-- PHP Version: 5.3.26

SET SQL_MODE="NO_AUTO_VALUE_ON_ZERO";
SET time_zone = "+00:00";


/*!40101 SET @OLD_CHARACTER_SET_CLIENT=@@CHARACTER_SET_CLIENT */;
/*!40101 SET @OLD_CHARACTER_SET_RESULTS=@@CHARACTER_SET_RESULTS */;
/*!40101 SET @OLD_COLLATION_CONNECTION=@@COLLATION_CONNECTION */;
/*!40101 SET NAMES utf8 */;

--
-- Database: `carstpb26_plab`
--

-- --------------------------------------------------------

--
-- Table structure for table `Boards`
--

CREATE TABLE IF NOT EXISTS `Boards` (
  `id` int(11) NOT NULL AUTO_INCREMENT,
  `lng` double NOT NULL,
  `lat` double NOT NULL,
  PRIMARY KEY (`id`)
) ENGINE=MyISAM  DEFAULT CHARSET=latin1 AUTO_INCREMENT=12 ;

--
-- Dumping data for table `Boards`
--

INSERT INTO `Boards` (`id`, `lng`, `lat`) VALUES
(1, 4.48380249166874, 51.9175527738203),
(2, 4.48380249166874, 51.9175627738203),
(3, 4.48380249166874, 51.9175727738203),
(4, 4.48380249166874, 51.9175827738203),
(5, 4.48380249166874, 51.9175927738203),
(6, 4.48380249166874, 51.9176027738203),
(7, 4.48380249166874, 51.9176127738203),
(8, 4.48380249166874, 51.9176227738203);

-- --------------------------------------------------------

--
-- Stand-in structure for view `groupedUrlView`
--
CREATE TABLE IF NOT EXISTS `groupedUrlView` (
`url` varchar(50)
,`count` bigint(21)
);
-- --------------------------------------------------------

--
-- Table structure for table `Intresses`
--

CREATE TABLE IF NOT EXISTS `Intresses` (
  `id` int(11) NOT NULL AUTO_INCREMENT,
  `categorie` varchar(50) DEFAULT NULL,
  PRIMARY KEY (`id`)
) ENGINE=MyISAM  DEFAULT CHARSET=latin1 AUTO_INCREMENT=14 ;

--
-- Dumping data for table `Intresses`
--

INSERT INTO `Intresses` (`id`, `categorie`) VALUES
(1, 'Hogeschool Rotterdam'),
(2, 'Muziek'),
(3, 'Computers'),
(4, 'Axe'),
(5, 'Gitaar'),
(6, 'Bril'),
(7, 'Schoenen'),
(8, 'Headsets'),
(9, 'kleding'),
(10, 'Electronica'),
(11, 'werk'),
(12, 'webdesign'),
(13, 'drinken');

-- --------------------------------------------------------

--
-- Table structure for table `IR`
--

CREATE TABLE IF NOT EXISTS `IR` (
  `id` int(11) NOT NULL AUTO_INCREMENT,
  `id_Intresses` int(11) NOT NULL,
  `id_Reclames` int(11) NOT NULL,
  PRIMARY KEY (`id`),
  KEY `id_Reclames` (`id_Reclames`)
) ENGINE=MyISAM  DEFAULT CHARSET=latin1 AUTO_INCREMENT=26 ;

--
-- Dumping data for table `IR`
--

INSERT INTO `IR` (`id`, `id_Intresses`, `id_Reclames`) VALUES
(25, 7, 17),
(24, 8, 16),
(23, 13, 15),
(22, 7, 14),
(21, 4, 13);

-- --------------------------------------------------------

--
-- Table structure for table `Login`
--

CREATE TABLE IF NOT EXISTS `Login` (
  `User` varchar(50) NOT NULL,
  `Pass` varchar(50) NOT NULL,
  `Datum` timestamp NOT NULL DEFAULT CURRENT_TIMESTAMP ON UPDATE CURRENT_TIMESTAMP
) ENGINE=InnoDB DEFAULT CHARSET=latin1;

--
-- Dumping data for table `Login`
--

INSERT INTO `Login` (`User`, `Pass`, `Datum`) VALUES
('Project', 'PixelBroS', '2013-06-16 20:48:08');

-- --------------------------------------------------------

--
-- Table structure for table `Reclames`
--

CREATE TABLE IF NOT EXISTS `Reclames` (
  `id` int(11) NOT NULL AUTO_INCREMENT,
  `url` varchar(50) NOT NULL,
  `count` int(11) NOT NULL,
  PRIMARY KEY (`id`)
) ENGINE=MyISAM  DEFAULT CHARSET=latin1 AUTO_INCREMENT=18 ;

--
-- Dumping data for table `Reclames`
--

INSERT INTO `Reclames` (`id`, `url`, `count`) VALUES
(16, 'razer-tiamat71.png', 0),
(15, '17d3522f160c5c538136843797a7170c.jpg', 0),
(14, 'nike_write_future_Ribery2.jpg', 0),
(13, 'axe-shower-gel-cream-corset-ibelieveinadv1.jpg', 0),
(17, 'ne88h.jpg', 0);

-- --------------------------------------------------------

--
-- Table structure for table `UI`
--

CREATE TABLE IF NOT EXISTS `UI` (
  `id` int(11) NOT NULL AUTO_INCREMENT,
  `id_Users` int(11) NOT NULL,
  `id_Intresses` int(11) NOT NULL,
  PRIMARY KEY (`id`),
  KEY `id_Intresses` (`id_Intresses`)
) ENGINE=MyISAM  DEFAULT CHARSET=latin1 AUTO_INCREMENT=908 ;

--
-- Dumping data for table `UI`
--

INSERT INTO `UI` (`id`, `id_Users`, `id_Intresses`) VALUES
(1, 1, 7),
(2, 2, 8),
(3, 3, 6),
(4, 4, 7),
(5, 5, 7),
(6, 6, 7),
(7, 7, 8),
(8, 8, 9),
(9, 9, 10),
(10, 10, 3),
(11, 11, 2),
(12, 12, 1),
(13, 13, 0),
(14, 14, 3),
(15, 15, 2),
(16, 16, 3),
(17, 17, 1),
(18, 18, 3),
(19, 19, 2),
(20, 20, 3),
(21, 21, 0),
(22, 22, 2),
(23, 23, 3),
(24, 24, 1),
(25, 25, 2),
(26, 26, 0),
(27, 27, 1),
(28, 28, 2),
(29, 29, 3),
(30, 30, 2),
(31, 31, 1),
(32, 32, 0),
(33, 33, 3),
(34, 34, 0),
(35, 35, 3),
(36, 36, 3),
(37, 37, 3),
(38, 38, 2),
(39, 39, 3),
(40, 40, 1),
(41, 41, 1),
(42, 42, 0),
(43, 43, 2),
(44, 44, 1),
(45, 45, 3),
(46, 46, 2),
(47, 47, 1),
(48, 48, 3),
(49, 49, 3),
(50, 50, 2),
(51, 51, 2),
(52, 52, 2),
(53, 53, 3),
(54, 54, 3),
(55, 55, 0),
(56, 56, 0),
(57, 57, 3),
(58, 58, 3),
(59, 59, 1),
(60, 60, 2),
(61, 61, 1),
(62, 64, 8),
(63, 65, 3),
(64, 66, 10),
(65, 67, 8),
(66, 68, 3),
(67, 69, 4),
(68, 70, 12),
(69, 71, 11),
(70, 72, 7),
(71, 73, 11),
(72, 74, 12),
(73, 75, 6),
(74, 76, 6),
(75, 77, 8),
(76, 78, 1),
(77, 79, 1),
(78, 80, 3),
(79, 81, 3),
(80, 82, 12),
(81, 83, 3),
(82, 84, 2),
(83, 85, 0),
(84, 86, 1),
(85, 87, 0),
(86, 88, 3),
(87, 89, 3),
(88, 90, 0),
(89, 91, 0),
(90, 92, 1),
(91, 93, 0),
(92, 94, 1),
(93, 95, 0),
(94, 96, 1),
(95, 97, 1),
(96, 98, 2),
(97, 99, 1),
(98, 100, 2),
(99, 101, 1),
(100, 102, 2),
(101, 103, 3),
(102, 104, 3),
(103, 105, 2),
(104, 106, 3),
(105, 107, 0),
(106, 108, 2),
(107, 109, 0),
(108, 110, 0),
(109, 111, 0),
(110, 112, 0),
(111, 113, 3),
(112, 114, 3),
(113, 115, 0),
(114, 116, 0),
(115, 117, 0),
(116, 118, 1),
(117, 119, 2),
(118, 120, 1),
(119, 121, 1),
(120, 122, 3),
(121, 123, 2),
(122, 124, 2),
(123, 125, 3),
(124, 126, 0),
(125, 127, 3),
(126, 128, 2),
(127, 129, 3),
(128, 130, 0),
(129, 131, 1),
(130, 132, 1),
(131, 133, 0),
(132, 134, 0),
(133, 135, 0),
(134, 136, 0),
(135, 137, 1),
(136, 138, 2),
(137, 139, 2),
(138, 140, 3),
(139, 141, 2),
(140, 142, 3),
(141, 143, 0),
(142, 144, 3),
(143, 145, 1),
(144, 146, 3),
(145, 147, 1),
(146, 148, 1),
(147, 149, 3),
(148, 150, 2),
(149, 151, 1),
(150, 152, 1),
(151, 153, 1),
(152, 154, 3),
(153, 155, 1),
(154, 156, 3),
(155, 157, 2),
(156, 158, 0),
(157, 159, 3),
(158, 160, 1),
(159, 161, 0),
(160, 162, 2),
(161, 163, 0),
(162, 164, 0),
(163, 165, 2),
(164, 166, 2),
(165, 167, 2),
(166, 168, 1),
(167, 169, 0),
(168, 170, 3),
(169, 171, 3),
(170, 172, 0),
(171, 173, 2),
(172, 174, 0),
(173, 175, 2),
(174, 176, 3),
(175, 177, 1),
(176, 178, 2),
(177, 179, 1),
(178, 180, 1),
(179, 181, 1),
(180, 182, 0),
(181, 183, 0),
(182, 184, 1),
(183, 185, 2),
(184, 186, 0),
(185, 187, 2),
(186, 188, 3),
(187, 189, 0),
(188, 190, 2),
(189, 191, 1),
(190, 192, 1),
(191, 193, 3),
(192, 194, 3),
(193, 195, 0),
(194, 196, 2),
(195, 197, 2),
(196, 198, 2),
(197, 199, 2),
(198, 200, 1),
(199, 201, 1),
(200, 202, 2),
(201, 203, 0),
(202, 204, 3),
(203, 205, 1),
(204, 206, 2),
(205, 207, 2),
(206, 208, 1),
(207, 209, 1),
(208, 210, 0),
(209, 211, 2),
(210, 212, 3),
(211, 213, 0),
(212, 214, 0),
(213, 215, 1),
(214, 216, 2),
(215, 217, 1),
(216, 218, 2),
(217, 219, 2),
(218, 220, 1),
(219, 221, 3),
(220, 222, 1),
(221, 223, 0),
(222, 224, 1),
(223, 225, 1),
(224, 226, 2),
(225, 227, 0),
(226, 228, 3),
(227, 229, 2),
(228, 230, 3),
(229, 231, 3),
(230, 232, 0),
(231, 233, 0),
(232, 234, 1),
(233, 235, 0),
(234, 236, 1),
(235, 237, 2),
(236, 238, 0),
(237, 239, 3),
(238, 240, 0),
(239, 241, 1),
(240, 242, 3),
(241, 243, 3),
(242, 244, 0),
(243, 245, 0),
(244, 246, 0),
(245, 247, 3),
(246, 248, 3),
(247, 249, 2),
(248, 250, 2),
(249, 251, 2),
(250, 252, 3),
(251, 253, 1),
(252, 254, 1),
(253, 255, 2),
(254, 256, 0),
(255, 257, 3),
(256, 258, 2),
(257, 259, 3),
(258, 260, 3),
(259, 261, 3),
(260, 262, 2),
(261, 263, 0),
(262, 264, 1),
(263, 265, 3),
(264, 266, 3),
(265, 267, 1),
(266, 268, 1),
(267, 269, 0),
(268, 270, 1),
(269, 271, 1),
(270, 272, 0),
(271, 273, 2),
(272, 274, 3),
(273, 275, 1),
(274, 276, 0),
(275, 277, 1),
(276, 278, 2),
(277, 279, 0),
(278, 280, 1),
(279, 281, 2),
(280, 282, 2),
(281, 283, 0),
(282, 284, 2),
(283, 285, 0),
(284, 286, 0),
(285, 287, 1),
(286, 288, 2),
(287, 289, 3),
(288, 290, 1),
(289, 291, 3),
(290, 292, 1),
(291, 293, 0),
(292, 294, 0),
(293, 295, 1),
(294, 296, 2),
(295, 297, 1),
(296, 298, 2),
(297, 299, 0),
(298, 300, 1),
(299, 301, 3),
(300, 302, 3),
(301, 303, 2),
(302, 304, 0),
(303, 305, 2),
(304, 306, 1),
(305, 307, 1),
(306, 308, 2),
(307, 309, 2),
(308, 310, 3),
(309, 311, 1),
(310, 312, 2),
(311, 313, 3),
(312, 314, 0),
(313, 315, 1),
(314, 316, 2),
(315, 317, 3),
(316, 318, 0),
(317, 319, 3),
(318, 320, 1),
(319, 321, 1),
(320, 322, 0),
(321, 323, 1),
(322, 324, 0),
(323, 325, 0),
(324, 326, 0),
(325, 327, 0),
(326, 328, 2),
(327, 329, 2),
(328, 330, 1),
(329, 331, 1),
(330, 332, 2),
(331, 333, 1),
(332, 334, 0),
(333, 335, 0),
(334, 336, 2),
(335, 337, 1),
(336, 338, 2),
(337, 339, 3),
(338, 340, 3),
(339, 341, 0),
(340, 342, 1),
(341, 343, 3),
(342, 344, 3),
(343, 345, 2),
(344, 346, 0),
(345, 347, 1),
(346, 348, 0),
(347, 349, 3),
(348, 350, 3),
(349, 351, 1),
(350, 352, 3),
(351, 353, 1),
(352, 354, 3),
(353, 355, 2),
(354, 356, 1),
(355, 357, 0),
(356, 358, 1),
(357, 359, 0),
(358, 360, 1),
(359, 361, 0),
(360, 362, 2),
(361, 363, 3),
(362, 364, 3),
(363, 365, 1),
(364, 366, 1),
(365, 367, 0),
(366, 368, 0),
(367, 369, 3),
(368, 370, 3),
(369, 371, 3),
(370, 372, 3),
(371, 373, 2),
(372, 374, 0),
(373, 375, 0),
(374, 376, 1),
(375, 377, 0),
(376, 378, 3),
(377, 379, 2),
(378, 380, 0),
(379, 381, 1),
(380, 382, 1),
(381, 383, 1),
(382, 384, 2),
(383, 385, 1),
(384, 386, 2),
(385, 387, 2),
(386, 388, 3),
(387, 389, 3),
(388, 390, 2),
(389, 391, 3),
(390, 392, 0),
(391, 393, 2),
(392, 394, 3),
(393, 395, 3),
(394, 396, 0),
(395, 397, 0),
(396, 398, 3),
(397, 399, 0),
(398, 400, 2),
(399, 401, 0),
(400, 402, 0),
(401, 403, 0),
(402, 404, 0),
(403, 405, 0),
(404, 406, 2),
(405, 407, 3),
(406, 408, 3),
(407, 409, 3),
(408, 410, 3),
(409, 411, 3),
(410, 412, 0),
(411, 413, 3),
(412, 414, 0),
(413, 415, 3),
(414, 416, 0),
(415, 417, 1),
(416, 418, 2),
(417, 419, 1),
(418, 420, 1),
(419, 421, 2),
(420, 422, 2),
(421, 423, 1),
(422, 424, 1),
(423, 425, 0),
(424, 426, 1),
(425, 427, 2),
(426, 428, 3),
(427, 429, 2),
(428, 430, 3),
(429, 431, 1),
(430, 432, 2),
(431, 433, 0),
(432, 434, 2),
(433, 435, 0),
(434, 436, 2),
(435, 437, 0),
(436, 438, 2),
(437, 439, 1),
(438, 440, 0),
(439, 441, 3),
(440, 442, 2),
(441, 443, 1),
(442, 444, 3),
(443, 445, 2),
(444, 446, 1),
(445, 447, 3),
(446, 448, 0),
(447, 449, 1),
(448, 450, 0),
(449, 451, 2),
(450, 452, 1),
(451, 453, 2),
(452, 454, 2),
(453, 455, 3),
(454, 456, 2),
(455, 457, 1),
(456, 458, 2),
(457, 459, 1),
(458, 460, 2),
(459, 461, 0),
(460, 462, 2),
(461, 463, 1),
(462, 464, 3),
(463, 465, 2),
(464, 466, 0),
(465, 467, 3),
(466, 468, 3),
(467, 469, 2),
(468, 470, 2),
(469, 471, 0),
(470, 472, 1),
(471, 473, 2),
(472, 474, 2),
(473, 475, 1),
(474, 476, 1),
(475, 477, 0),
(476, 478, 3),
(477, 479, 2),
(478, 480, 0),
(479, 481, 0),
(480, 482, 0),
(481, 483, 2),
(482, 484, 3),
(483, 485, 3),
(484, 486, 0),
(485, 487, 2),
(486, 488, 3),
(487, 489, 0),
(488, 490, 3),
(489, 491, 3),
(490, 492, 0),
(491, 493, 1),
(492, 494, 0),
(493, 495, 2),
(494, 496, 0),
(495, 497, 0),
(496, 498, 2),
(497, 499, 1),
(498, 500, 2),
(499, 501, 3),
(500, 502, 1),
(501, 503, 1),
(502, 504, 2),
(503, 505, 0),
(504, 506, 1),
(505, 507, 1),
(506, 508, 2),
(507, 509, 3),
(508, 510, 3),
(509, 511, 3),
(510, 512, 3),
(511, 513, 0),
(512, 514, 1),
(513, 515, 2),
(514, 516, 2),
(515, 517, 1),
(516, 518, 0),
(517, 519, 2),
(518, 520, 2),
(519, 521, 0),
(520, 522, 1),
(521, 523, 3),
(522, 524, 3),
(523, 525, 0),
(524, 526, 0),
(525, 527, 1),
(526, 528, 2),
(527, 529, 2),
(528, 530, 1),
(529, 531, 0),
(530, 532, 0),
(531, 533, 2),
(532, 534, 2),
(533, 535, 0),
(534, 536, 0),
(535, 537, 0),
(536, 538, 3),
(537, 539, 0),
(538, 540, 2),
(539, 541, 2),
(540, 542, 3),
(541, 543, 1),
(542, 544, 1),
(543, 545, 1),
(544, 546, 3),
(545, 547, 0),
(546, 548, 2),
(547, 549, 2),
(548, 550, 1),
(549, 551, 2),
(550, 552, 0),
(551, 553, 3),
(552, 554, 2),
(553, 555, 1),
(554, 556, 3),
(555, 557, 0),
(556, 558, 0),
(557, 559, 2),
(558, 560, 1),
(559, 561, 3),
(560, 562, 2),
(561, 563, 0),
(562, 564, 2),
(563, 565, 1),
(564, 566, 0),
(565, 567, 1),
(566, 568, 1),
(567, 569, 1),
(568, 570, 0),
(569, 571, 1),
(570, 572, 3),
(571, 573, 3),
(572, 574, 2),
(573, 575, 1),
(574, 576, 2),
(575, 577, 3),
(576, 578, 1),
(577, 579, 1),
(578, 580, 3),
(579, 581, 1),
(580, 582, 3),
(581, 583, 2),
(582, 584, 1),
(583, 585, 3),
(584, 586, 1),
(585, 587, 3),
(586, 588, 1),
(587, 589, 2),
(588, 590, 2),
(589, 591, 1),
(590, 592, 2),
(591, 593, 2),
(592, 594, 0),
(593, 595, 0),
(594, 596, 3),
(595, 597, 1),
(596, 598, 2),
(597, 599, 0),
(598, 600, 3),
(599, 601, 1),
(600, 602, 2),
(601, 603, 3),
(602, 604, 2),
(603, 605, 3),
(604, 606, 0),
(605, 607, 2),
(606, 608, 2),
(607, 609, 0),
(608, 610, 3),
(609, 611, 3),
(610, 612, 3),
(611, 613, 2),
(612, 614, 0),
(613, 615, 2),
(614, 616, 3),
(615, 617, 0),
(616, 618, 0),
(617, 619, 2),
(618, 620, 3),
(619, 621, 2),
(620, 622, 2),
(621, 623, 1),
(622, 624, 3),
(623, 625, 2),
(624, 626, 0),
(625, 627, 3),
(626, 628, 0),
(627, 629, 2),
(628, 630, 1),
(629, 631, 2),
(630, 632, 0),
(631, 633, 3),
(632, 634, 0),
(633, 635, 2),
(634, 636, 1),
(635, 637, 0),
(636, 638, 0),
(637, 639, 2),
(638, 640, 0),
(639, 641, 2),
(640, 642, 2),
(641, 643, 2),
(642, 644, 0),
(643, 645, 3),
(644, 646, 0),
(645, 647, 1),
(646, 648, 0),
(647, 649, 2),
(648, 650, 1),
(649, 651, 2),
(650, 652, 1),
(651, 653, 0),
(652, 654, 0),
(653, 655, 3),
(654, 656, 3),
(655, 657, 2),
(656, 658, 1),
(657, 659, 0),
(658, 660, 2),
(659, 661, 1),
(660, 662, 3),
(661, 663, 2),
(662, 664, 1),
(663, 665, 0),
(664, 666, 0),
(665, 667, 2),
(666, 668, 0),
(667, 669, 1),
(668, 670, 3),
(669, 671, 2),
(670, 672, 3),
(671, 673, 0),
(672, 674, 0),
(673, 675, 3),
(674, 676, 1),
(675, 677, 0),
(676, 678, 0),
(677, 679, 1),
(678, 680, 3),
(679, 681, 3),
(680, 682, 1),
(681, 683, 2),
(682, 684, 3),
(683, 685, 2),
(684, 686, 3),
(685, 687, 0),
(686, 688, 0),
(687, 689, 3),
(688, 690, 0),
(689, 691, 1),
(690, 692, 0),
(691, 693, 1),
(692, 694, 1),
(693, 695, 2),
(694, 696, 3),
(695, 697, 0),
(696, 698, 2),
(697, 699, 1),
(698, 700, 0),
(699, 701, 3),
(700, 702, 1),
(701, 703, 2),
(702, 704, 2),
(703, 705, 2),
(704, 706, 3),
(705, 707, 3),
(706, 708, 2),
(707, 709, 0),
(708, 710, 1),
(709, 711, 2),
(710, 712, 0),
(711, 713, 3),
(712, 714, 3),
(713, 715, 0),
(714, 716, 3),
(715, 717, 1),
(716, 718, 1),
(717, 719, 3),
(718, 720, 2),
(719, 721, 3),
(720, 722, 1),
(721, 723, 1),
(722, 724, 1),
(723, 725, 0),
(724, 726, 0),
(725, 727, 0),
(726, 728, 0),
(727, 729, 2),
(728, 730, 1),
(729, 731, 1),
(730, 732, 0),
(731, 733, 0),
(732, 734, 2),
(733, 735, 1),
(734, 736, 3),
(735, 737, 1),
(736, 738, 2),
(737, 739, 0),
(738, 740, 3),
(739, 741, 3),
(740, 742, 3),
(741, 743, 1),
(742, 744, 2),
(743, 745, 0),
(744, 746, 2),
(745, 747, 1),
(746, 748, 2),
(747, 749, 3),
(748, 750, 2),
(749, 751, 2),
(750, 752, 3),
(751, 753, 1),
(752, 754, 0),
(753, 755, 1),
(754, 756, 2),
(755, 757, 3),
(756, 758, 0),
(757, 759, 1),
(758, 760, 2),
(759, 761, 2),
(760, 762, 1),
(761, 763, 0),
(762, 764, 2),
(763, 765, 0),
(764, 766, 3),
(765, 767, 1),
(766, 768, 3),
(767, 769, 1),
(768, 770, 2),
(769, 771, 3),
(770, 772, 1),
(771, 773, 0),
(772, 774, 0),
(773, 775, 1),
(774, 776, 3),
(775, 777, 0),
(776, 778, 2),
(777, 779, 3),
(778, 780, 3),
(779, 781, 3),
(780, 782, 3),
(781, 783, 2),
(782, 784, 3),
(783, 785, 2),
(784, 786, 0),
(785, 787, 2),
(786, 788, 2),
(787, 789, 2),
(788, 790, 2),
(789, 791, 1),
(790, 792, 3),
(791, 793, 2),
(792, 794, 1),
(793, 795, 0),
(794, 796, 2),
(795, 797, 3),
(796, 798, 1),
(797, 799, 1),
(798, 800, 2),
(799, 801, 1),
(800, 802, 2),
(801, 803, 2),
(802, 804, 3),
(803, 805, 0),
(804, 806, 2),
(805, 807, 1),
(806, 808, 0),
(807, 809, 2),
(808, 810, 0),
(809, 811, 2),
(810, 812, 0),
(811, 813, 2),
(812, 814, 2),
(813, 815, 3),
(814, 816, 0),
(815, 817, 0),
(816, 818, 2),
(817, 819, 2),
(818, 820, 2),
(819, 821, 3),
(820, 822, 3),
(821, 823, 1),
(822, 824, 1),
(823, 825, 3),
(824, 826, 2),
(825, 827, 1),
(826, 828, 0),
(827, 829, 3),
(828, 830, 0),
(829, 831, 3),
(830, 832, 2),
(831, 833, 2),
(832, 834, 1),
(833, 835, 1),
(834, 836, 1),
(835, 837, 1),
(836, 838, 1),
(837, 839, 1),
(838, 840, 0),
(839, 841, 3),
(840, 842, 2),
(841, 843, 2),
(842, 844, 2),
(843, 845, 1),
(844, 846, 1),
(845, 847, 1),
(846, 848, 1),
(847, 849, 2),
(848, 850, 3),
(849, 851, 1),
(850, 852, 3),
(851, 853, 0),
(852, 854, 3),
(853, 855, 0),
(854, 856, 1),
(855, 857, 2),
(856, 858, 1),
(857, 859, 0),
(858, 860, 3),
(859, 861, 0),
(860, 862, 3),
(861, 863, 3),
(862, 864, 1),
(863, 865, 3),
(864, 866, 1),
(865, 867, 3),
(866, 868, 0),
(867, 869, 1),
(868, 870, 2),
(869, 871, 0),
(870, 872, 1),
(871, 873, 2),
(872, 874, 1),
(873, 875, 0),
(874, 876, 0),
(875, 877, 2),
(876, 878, 3),
(877, 879, 1),
(878, 880, 1),
(879, 881, 3),
(880, 882, 1),
(881, 883, 3),
(882, 884, 2),
(883, 885, 10),
(884, 886, 10),
(885, 887, 5),
(886, 888, 13),
(887, 889, 10),
(888, 890, 11),
(889, 891, 10),
(890, 892, 10),
(891, 893, 2),
(892, 894, 13),
(893, 895, 8),
(894, 896, 13),
(895, 897, 4),
(896, 898, 12),
(897, 899, 3),
(898, 900, 10),
(899, 901, 2),
(900, 902, 4),
(901, 903, 4),
(902, 904, 13),
(903, 905, 5),
(904, 906, 12),
(905, 907, 10),
(906, 908, 10),
(907, 909, 2);

-- --------------------------------------------------------

--
-- Table structure for table `Users`
--

CREATE TABLE IF NOT EXISTS `Users` (
  `id` int(11) NOT NULL AUTO_INCREMENT,
  `imei` varchar(15) NOT NULL,
  `timestamp` timestamp NOT NULL DEFAULT CURRENT_TIMESTAMP,
  `id_Boards` int(11) NOT NULL,
  PRIMARY KEY (`id`)
) ENGINE=MyISAM  DEFAULT CHARSET=latin1 AUTO_INCREMENT=910 ;

--
-- Dumping data for table `Users`
--

INSERT INTO `Users` (`id`, `imei`, `timestamp`, `id_Boards`) VALUES
(1, '353561054725696', '2013-06-24 07:27:48', 3),
(2, '353561054725696', '2013-06-24 07:28:43', 2),
(3, '353561054725696', '2013-06-24 07:28:45', 9),
(4, '353561054725696', '2013-06-24 07:28:47', 9),
(5, '353561054725696', '2013-06-24 07:28:49', 1),
(6, '353561054725696', '2013-06-24 07:28:51', 6),
(7, '353561054725696', '2013-06-24 07:28:52', 9),
(8, '353561054725696', '2013-06-24 07:28:53', 8),
(9, '353561054725696', '2013-06-24 07:28:55', 0),
(10, '353561054725696', '2013-06-24 07:28:57', 2),
(11, '353561054725696', '2013-06-24 07:28:57', 9),
(12, '353561054725696', '2013-06-24 07:28:57', 6),
(13, '353561054725696', '2013-06-24 07:28:57', 3),
(14, '353561054725696', '2013-06-24 07:28:58', 8),
(15, '353561054725696', '2013-06-24 07:28:58', 0),
(16, '353561054725696', '2013-06-24 07:28:58', 7),
(17, '353561054725696', '2013-06-24 07:28:59', 1),
(18, '353561054725696', '2013-06-24 07:28:59', 0),
(19, '353561054725696', '2013-06-24 07:29:00', 5),
(20, '353561054725696', '2013-06-24 07:29:00', 7),
(21, '353561054725696', '2013-06-24 07:29:00', 0),
(22, '353561054725696', '2013-06-24 07:29:01', 4),
(23, '353561054725696', '2013-06-24 07:38:04', 0),
(24, '353561054725696', '2013-06-24 07:39:48', 0),
(25, '353561054725696', '2013-06-24 07:40:38', 5),
(26, '353561054725696', '2013-06-24 07:40:39', 3),
(27, '353561054725696', '2013-06-24 07:40:40', 0),
(28, '353561054725696', '2013-06-24 07:40:40', 2),
(29, '353561054725696', '2013-06-24 07:40:41', 7),
(30, '353561054725696', '2013-06-24 07:41:08', 7),
(31, '353561054725696', '2013-06-24 07:44:30', 8),
(32, '353561054725696', '2013-06-24 07:51:03', 7),
(33, '353166051286740', '2013-06-24 08:03:11', 5),
(34, '353166051286740', '2013-06-24 08:05:22', 5),
(35, '353166051286740', '2013-06-24 08:09:48', 6),
(36, '353166051286740', '2013-06-24 08:10:38', 7),
(37, '353166051286740', '2013-06-24 08:11:30', 5),
(38, '353166051286740', '2013-06-24 08:12:20', 9),
(39, '353166051286740', '2013-06-24 08:13:10', 2),
(40, '353166051286740', '2013-06-24 08:14:03', 3),
(41, '353166051286740', '2013-06-24 08:14:59', 7),
(42, '353166051286740', '2013-06-24 08:16:48', 0),
(43, '353166051286740', '2013-06-24 08:17:18', 9),
(44, '353166051286740', '2013-06-24 08:18:07', 3),
(45, '353166051286740', '2013-06-24 08:19:07', 5),
(46, '353166051286740', '2013-06-24 08:19:58', 9),
(47, '353166051286740', '2013-06-24 08:20:47', 1),
(48, '353166051286740', '2013-06-24 08:22:15', 3),
(49, '353166051286740', '2013-06-24 08:23:05', 0),
(50, '353166051286740', '2013-06-24 08:35:17', 1),
(51, '353166051286740', '2013-06-24 08:40:26', 8),
(52, '353166051286740', '2013-06-24 11:05:14', 2),
(53, '353166051286740', '2013-06-24 13:35:30', 6),
(54, '353166051286740', '2013-06-24 14:08:41', 2),
(55, '353166051286740', '2013-06-24 14:10:47', 8),
(56, '353166051286740', '2013-06-24 14:11:40', 3),
(57, '353166051286740', '2013-06-24 14:19:56', 9),
(58, '353166051286740', '2013-06-24 14:20:46', 6),
(59, '353166051286740', '2013-06-25 07:22:36', 8),
(60, '353166051286740', '2013-06-25 07:26:15', 6),
(61, '353166051286740', '2013-06-25 07:30:33', 9),
(62, '353166051286740', '2013-06-25 10:16:56', 8),
(63, '353166051286740', '2013-06-25 10:43:34', 8),
(64, '353166051286740', '2013-06-25 12:19:19', 8),
(65, '353166051286740', '2013-06-25 12:22:29', 8),
(66, '353166051286740', '2013-06-25 12:33:59', 8),
(67, '353166051286740', '2013-06-25 12:34:53', 8),
(68, '353166051286740', '2013-06-25 12:37:03', 8),
(69, '353166051286740', '2013-06-25 12:38:24', 8),
(70, '353166051286740', '2013-06-25 12:39:21', 8),
(71, '353166051286740', '2013-06-25 12:40:51', 8),
(72, '353166051286740', '2013-06-25 12:41:59', 8),
(73, '353166051286740', '2013-06-25 12:44:42', 8),
(74, '353166051286740', '2013-06-25 13:02:51', 8),
(75, '353166051286740', '2013-06-25 13:11:45', 8),
(76, '353166051286740', '2013-06-25 13:24:43', 8),
(77, '353166051286740', '2013-06-25 13:25:52', 8),
(78, '353166051286740', '2013-06-27 10:45:49', 6),
(79, '353166051286740', '2013-06-27 10:45:57', 0),
(80, '355299050900587', '2013-06-27 10:58:29', 9),
(81, '355299050900587', '2013-06-27 11:00:57', 9),
(82, '355299050900587', '2013-06-27 11:02:08', 8),
(83, '355299050900587', '2013-06-27 11:03:44', 8),
(84, '355299050900587', '2013-06-27 11:05:46', 8),
(85, '355299050900587', '2013-06-27 11:09:01', 4),
(86, '353166051286740', '2013-06-28 07:07:23', 8),
(87, '353166051286740', '2013-06-28 07:07:25', 8),
(88, '353166051286740', '2013-06-28 07:07:31', 3),
(89, '353166051286740', '2013-06-28 07:07:31', 0),
(90, '353166051286740', '2013-06-28 07:07:31', 4),
(91, '353166051286740', '2013-06-28 07:07:31', 7),
(92, '353166051286740', '2013-06-28 07:07:32', 2),
(93, '353166051286740', '2013-06-28 07:07:32', 3),
(94, '353166051286740', '2013-06-28 07:07:32', 8),
(95, '353166051286740', '2013-06-28 07:07:32', 0),
(96, '353166051286740', '2013-06-28 07:07:32', 2),
(97, '353166051286740', '2013-06-28 07:07:33', 4),
(98, '353166051286740', '2013-06-28 07:07:33', 3),
(99, '353166051286740', '2013-06-28 07:07:33', 5),
(100, '353166051286740', '2013-06-28 07:07:33', 9),
(101, '353166051286740', '2013-06-28 07:07:33', 6),
(102, '353166051286740', '2013-06-28 07:07:33', 9),
(103, '353166051286740', '2013-06-28 07:07:34', 4),
(104, '353166051286740', '2013-06-28 07:07:34', 3),
(105, '353166051286740', '2013-06-28 07:07:34', 6),
(106, '353166051286740', '2013-06-28 07:07:34', 7),
(107, '353166051286740', '2013-06-28 07:07:34', 3),
(108, '353166051286740', '2013-06-28 07:07:35', 7),
(109, '353166051286740', '2013-06-28 07:07:35', 5),
(110, '353166051286740', '2013-06-28 07:07:35', 2),
(111, '353166051286740', '2013-06-28 07:07:35', 2),
(112, '353166051286740', '2013-06-28 07:07:35', 5),
(113, '353166051286740', '2013-06-28 07:07:36', 2),
(114, '353166051286740', '2013-06-28 07:07:36', 9),
(115, '353166051286740', '2013-06-28 07:07:36', 2),
(116, '353166051286740', '2013-06-28 07:07:36', 4),
(117, '353166051286740', '2013-06-28 07:07:36', 2),
(118, '353166051286740', '2013-06-28 07:07:36', 3),
(119, '353166051286740', '2013-06-28 07:07:37', 8),
(120, '353166051286740', '2013-06-28 07:07:37', 0),
(121, '353166051286740', '2013-06-28 07:07:37', 1),
(122, '353166051286740', '2013-06-28 07:07:37', 5),
(123, '353166051286740', '2013-06-28 07:07:37', 4),
(124, '353166051286740', '2013-06-28 07:07:38', 1),
(125, '353166051286740', '2013-06-28 07:07:38', 1),
(126, '353166051286740', '2013-06-28 07:07:38', 9),
(127, '353166051286740', '2013-06-28 07:07:38', 2),
(128, '353166051286740', '2013-06-28 07:07:38', 6),
(129, '353166051286740', '2013-06-28 07:07:38', 1),
(130, '353166051286740', '2013-06-28 07:07:39', 9),
(131, '353166051286740', '2013-06-28 07:07:39', 5),
(132, '353166051286740', '2013-06-28 07:07:39', 7),
(133, '353166051286740', '2013-06-28 07:07:39', 1),
(134, '353166051286740', '2013-06-28 07:07:39', 1),
(135, '353166051286740', '2013-06-28 07:07:40', 2),
(136, '353166051286740', '2013-06-28 07:07:40', 0),
(137, '353166051286740', '2013-06-28 07:07:40', 3),
(138, '353166051286740', '2013-06-28 07:07:40', 8),
(139, '353166051286740', '2013-06-28 07:07:40', 9),
(140, '353166051286740', '2013-06-28 07:07:41', 5),
(141, '353166051286740', '2013-06-28 07:07:41', 6),
(142, '353166051286740', '2013-06-28 07:07:41', 5),
(143, '353166051286740', '2013-06-28 07:07:41', 5),
(144, '353166051286740', '2013-06-28 07:07:41', 8),
(145, '353166051286740', '2013-06-28 07:07:41', 9),
(146, '353166051286740', '2013-06-28 07:07:42', 3),
(147, '353166051286740', '2013-06-28 07:07:42', 0),
(148, '353166051286740', '2013-06-28 07:07:42', 0),
(149, '353166051286740', '2013-06-28 07:07:42', 7),
(150, '353166051286740', '2013-06-28 07:07:42', 2),
(151, '353166051286740', '2013-06-28 07:07:43', 9),
(152, '353166051286740', '2013-06-28 07:07:43', 8),
(153, '353166051286740', '2013-06-28 07:07:43', 3),
(154, '353166051286740', '2013-06-28 07:07:43', 8),
(155, '353166051286740', '2013-06-28 07:07:43', 3),
(156, '353166051286740', '2013-06-28 07:07:44', 7),
(157, '353166051286740', '2013-06-28 07:07:44', 7),
(158, '353166051286740', '2013-06-28 07:07:44', 3),
(159, '353166051286740', '2013-06-28 07:07:44', 3),
(160, '353166051286740', '2013-06-28 07:07:44', 3),
(161, '353166051286740', '2013-06-28 07:07:45', 9),
(162, '353166051286740', '2013-06-28 07:07:45', 2),
(163, '353166051286740', '2013-06-28 07:07:45', 3),
(164, '353166051286740', '2013-06-28 07:07:45', 0),
(165, '353166051286740', '2013-06-28 07:07:45', 6),
(166, '353166051286740', '2013-06-28 07:07:46', 1),
(167, '353166051286740', '2013-06-28 07:07:46', 8),
(168, '353166051286740', '2013-06-28 07:07:46', 6),
(169, '353166051286740', '2013-06-28 07:07:46', 3),
(170, '353166051286740', '2013-06-28 07:07:46', 4),
(171, '353166051286740', '2013-06-28 07:07:46', 8),
(172, '353166051286740', '2013-06-28 07:07:47', 2),
(173, '353166051286740', '2013-06-28 07:07:47', 6),
(174, '353166051286740', '2013-06-28 07:07:47', 6),
(175, '353166051286740', '2013-06-28 07:07:47', 3),
(176, '353166051286740', '2013-06-28 07:07:47', 5),
(177, '353166051286740', '2013-06-28 07:07:48', 4),
(178, '353166051286740', '2013-06-28 07:07:48', 8),
(179, '353166051286740', '2013-06-28 07:07:48', 6),
(180, '353166051286740', '2013-06-28 07:07:48', 8),
(181, '353166051286740', '2013-06-28 07:07:49', 8),
(182, '353166051286740', '2013-06-28 07:07:49', 5),
(183, '353166051286740', '2013-06-28 07:07:49', 1),
(184, '353166051286740', '2013-06-28 07:07:49', 4),
(185, '353166051286740', '2013-06-28 07:07:49', 7),
(186, '353166051286740', '2013-06-28 07:07:50', 9),
(187, '353166051286740', '2013-06-28 07:07:50', 4),
(188, '353166051286740', '2013-06-28 07:07:50', 4),
(189, '353166051286740', '2013-06-28 07:07:50', 5),
(190, '353166051286740', '2013-06-28 07:07:51', 2),
(191, '353166051286740', '2013-06-28 07:07:51', 9),
(192, '353166051286740', '2013-06-28 07:07:51', 5),
(193, '353166051286740', '2013-06-28 07:07:51', 4),
(194, '353166051286740', '2013-06-28 07:07:51', 5),
(195, '353166051286740', '2013-06-28 07:07:51', 8),
(196, '353166051286740', '2013-06-28 07:07:52', 5),
(197, '353166051286740', '2013-06-28 07:07:52', 2),
(198, '353166051286740', '2013-06-28 07:07:52', 7),
(199, '353166051286740', '2013-06-28 07:07:52', 6),
(200, '353166051286740', '2013-06-28 07:07:52', 6),
(201, '353166051286740', '2013-06-28 07:07:53', 1),
(202, '353166051286740', '2013-06-28 07:07:53', 2),
(203, '353166051286740', '2013-06-28 07:07:53', 1),
(204, '353166051286740', '2013-06-28 07:07:53', 2),
(205, '353166051286740', '2013-06-28 07:07:54', 6),
(206, '353166051286740', '2013-06-28 07:07:54', 2),
(207, '353166051286740', '2013-06-28 07:07:54', 0),
(208, '353166051286740', '2013-06-28 07:07:54', 1),
(209, '353166051286740', '2013-06-28 07:07:55', 6),
(210, '353166051286740', '2013-06-28 07:07:55', 2),
(211, '353166051286740', '2013-06-28 07:07:55', 0),
(212, '353166051286740', '2013-06-28 07:07:56', 8),
(213, '353166051286740', '2013-06-28 07:07:56', 4),
(214, '353166051286740', '2013-06-28 07:07:56', 9),
(215, '353166051286740', '2013-06-28 07:07:57', 2),
(216, '353166051286740', '2013-06-28 07:07:57', 5),
(217, '353166051286740', '2013-06-28 07:07:57', 2),
(218, '353166051286740', '2013-06-28 07:07:57', 1),
(219, '353166051286740', '2013-06-28 07:07:57', 0),
(220, '353166051286740', '2013-06-28 07:07:58', 2),
(221, '353166051286740', '2013-06-28 07:07:58', 9),
(222, '353166051286740', '2013-06-28 07:07:58', 1),
(223, '353166051286740', '2013-06-28 07:07:58', 1),
(224, '353166051286740', '2013-06-28 07:07:58', 0),
(225, '353166051286740', '2013-06-28 07:07:59', 3),
(226, '353166051286740', '2013-06-28 07:07:59', 9),
(227, '353166051286740', '2013-06-28 07:07:59', 9),
(228, '353166051286740', '2013-06-28 07:07:59', 8),
(229, '353166051286740', '2013-06-28 07:07:59', 2),
(230, '353166051286740', '2013-06-28 07:07:59', 2),
(231, '353166051286740', '2013-06-28 07:08:00', 4),
(232, '353166051286740', '2013-06-28 07:08:00', 8),
(233, '353166051286740', '2013-06-28 07:08:00', 9),
(234, '353166051286740', '2013-06-28 07:08:00', 5),
(235, '353166051286740', '2013-06-28 07:08:00', 3),
(236, '353166051286740', '2013-06-28 07:08:01', 2),
(237, '353166051286740', '2013-06-28 07:08:01', 4),
(238, '353166051286740', '2013-06-28 07:08:02', 5),
(239, '353166051286740', '2013-06-28 07:08:02', 4),
(240, '353166051286740', '2013-06-28 07:08:02', 5),
(241, '353166051286740', '2013-06-28 07:08:02', 0),
(242, '353166051286740', '2013-06-28 07:08:03', 5),
(243, '353166051286740', '2013-06-28 07:08:03', 9),
(244, '353166051286740', '2013-06-28 07:08:03', 3),
(245, '353166051286740', '2013-06-28 07:08:03', 4),
(246, '353166051286740', '2013-06-28 07:08:03', 0),
(247, '353166051286740', '2013-06-28 07:08:04', 6),
(248, '353166051286740', '2013-06-28 07:08:04', 9),
(249, '353166051286740', '2013-06-28 07:08:04', 1),
(250, '353166051286740', '2013-06-28 07:08:04', 4),
(251, '353166051286740', '2013-06-28 07:08:04', 2),
(252, '353166051286740', '2013-06-28 07:08:05', 6),
(253, '353166051286740', '2013-06-28 07:08:05', 7),
(254, '353166051286740', '2013-06-28 07:08:05', 8),
(255, '353166051286740', '2013-06-28 07:08:05', 1),
(256, '353166051286740', '2013-06-28 07:08:05', 0),
(257, '353166051286740', '2013-06-28 07:08:06', 8),
(258, '353166051286740', '2013-06-28 07:08:06', 1),
(259, '353166051286740', '2013-06-28 07:08:06', 7),
(260, '353166051286740', '2013-06-28 07:08:06', 9),
(261, '353166051286740', '2013-06-28 07:08:06', 5),
(262, '353166051286740', '2013-06-28 07:08:07', 4),
(263, '353166051286740', '2013-06-28 07:08:07', 3),
(264, '353166051286740', '2013-06-28 07:08:07', 5),
(265, '353166051286740', '2013-06-28 07:08:07', 0),
(266, '353166051286740', '2013-06-28 07:08:08', 2),
(267, '353166051286740', '2013-06-28 07:08:08', 9),
(268, '353166051286740', '2013-06-28 07:08:08', 4),
(269, '353166051286740', '2013-06-28 07:08:08', 5),
(270, '353166051286740', '2013-06-28 07:08:09', 2),
(271, '353166051286740', '2013-06-28 07:08:09', 6),
(272, '353166051286740', '2013-06-28 07:08:09', 1),
(273, '353166051286740', '2013-06-28 07:08:09', 9),
(274, '353166051286740', '2013-06-28 07:08:10', 1),
(275, '353166051286740', '2013-06-28 07:08:10', 7),
(276, '353166051286740', '2013-06-28 07:08:10', 9),
(277, '353166051286740', '2013-06-28 07:08:10', 1),
(278, '353166051286740', '2013-06-28 07:08:11', 9),
(279, '353166051286740', '2013-06-28 07:08:11', 7),
(280, '353166051286740', '2013-06-28 07:08:11', 8),
(281, '353166051286740', '2013-06-28 07:08:11', 8),
(282, '353166051286740', '2013-06-28 07:08:11', 4),
(283, '353166051286740', '2013-06-28 07:08:12', 4),
(284, '353166051286740', '2013-06-28 07:08:12', 6),
(285, '353166051286740', '2013-06-28 07:08:12', 1),
(286, '353166051286740', '2013-06-28 07:08:12', 5),
(287, '353166051286740', '2013-06-28 07:08:13', 1),
(288, '353166051286740', '2013-06-28 07:08:13', 8),
(289, '353166051286740', '2013-06-28 07:08:13', 4),
(290, '353166051286740', '2013-06-28 07:08:13', 0),
(291, '353166051286740', '2013-06-28 07:08:14', 4),
(292, '353166051286740', '2013-06-28 07:08:14', 6),
(293, '353166051286740', '2013-06-28 07:08:14', 7),
(294, '353166051286740', '2013-06-28 07:08:14', 0),
(295, '353166051286740', '2013-06-28 07:08:15', 5),
(296, '353166051286740', '2013-06-28 07:08:15', 8),
(297, '353166051286740', '2013-06-28 07:08:15', 6),
(298, '353166051286740', '2013-06-28 07:08:15', 5),
(299, '353166051286740', '2013-06-28 07:08:16', 1),
(300, '353166051286740', '2013-06-28 07:08:16', 6),
(301, '353166051286740', '2013-06-28 07:08:16', 4),
(302, '353166051286740', '2013-06-28 07:08:16', 4),
(303, '353166051286740', '2013-06-28 07:08:16', 3),
(304, '353166051286740', '2013-06-28 07:08:17', 0),
(305, '353166051286740', '2013-06-28 07:08:17', 8),
(306, '353166051286740', '2013-06-28 07:08:17', 5),
(307, '353166051286740', '2013-06-28 07:08:17', 3),
(308, '353166051286740', '2013-06-28 07:08:18', 3),
(309, '353166051286740', '2013-06-28 07:08:18', 6),
(310, '353166051286740', '2013-06-28 07:08:18', 1),
(311, '353166051286740', '2013-06-28 07:08:18', 0),
(312, '353166051286740', '2013-06-28 07:08:18', 8),
(313, '353166051286740', '2013-06-28 07:08:19', 3),
(314, '353166051286740', '2013-06-28 07:08:19', 1),
(315, '353166051286740', '2013-06-28 07:08:19', 3),
(316, '353166051286740', '2013-06-28 07:08:19', 8),
(317, '353166051286740', '2013-06-28 07:08:20', 2),
(318, '353166051286740', '2013-06-28 07:08:20', 2),
(319, '353166051286740', '2013-06-28 07:08:20', 1),
(320, '353166051286740', '2013-06-28 07:08:20', 0),
(321, '353166051286740', '2013-06-28 07:08:21', 2),
(322, '353166051286740', '2013-06-28 07:08:21', 3),
(323, '353166051286740', '2013-06-28 07:08:21', 0),
(324, '353166051286740', '2013-06-28 07:08:21', 4),
(325, '353166051286740', '2013-06-28 07:08:21', 4),
(326, '353166051286740', '2013-06-28 07:08:22', 8),
(327, '353166051286740', '2013-06-28 07:08:22', 6),
(328, '353166051286740', '2013-06-28 07:08:22', 0),
(329, '353166051286740', '2013-06-28 07:08:22', 7),
(330, '353166051286740', '2013-06-28 07:08:23', 8),
(331, '353166051286740', '2013-06-28 07:08:23', 0),
(332, '353166051286740', '2013-06-28 07:08:23', 9),
(333, '353166051286740', '2013-06-28 07:08:23', 4),
(334, '353166051286740', '2013-06-28 07:08:24', 2),
(335, '353166051286740', '2013-06-28 07:08:24', 5),
(336, '353166051286740', '2013-06-28 07:08:24', 2),
(337, '353166051286740', '2013-06-28 07:08:24', 5),
(338, '353166051286740', '2013-06-28 07:08:25', 7),
(339, '353166051286740', '2013-06-28 07:08:25', 5),
(340, '353166051286740', '2013-06-28 07:08:25', 1),
(341, '355299050900587', '2013-06-28 07:09:21', 3),
(342, '355299050900587', '2013-06-28 07:09:37', 0),
(343, '355299050900587', '2013-06-28 07:09:37', 4),
(344, '355299050900587', '2013-06-28 07:09:38', 8),
(345, '355299050900587', '2013-06-28 07:09:38', 6),
(346, '355299050900587', '2013-06-28 07:09:39', 6),
(347, '355299050900587', '2013-06-28 07:09:39', 3),
(348, '355299050900587', '2013-06-28 07:09:40', 5),
(349, '355299050900587', '2013-06-28 07:09:41', 5),
(350, '355299050900587', '2013-06-28 07:09:41', 4),
(351, '355299050900587', '2013-06-28 07:09:41', 0),
(352, '355299050900587', '2013-06-28 07:09:41', 6),
(353, '355299050900587', '2013-06-28 07:09:42', 9),
(354, '355299050900587', '2013-06-28 07:09:42', 2),
(355, '355299050900587', '2013-06-28 07:09:42', 6),
(356, '355299050900587', '2013-06-28 07:09:42', 6),
(357, '355299050900587', '2013-06-28 07:09:42', 8),
(358, '355299050900587', '2013-06-28 07:09:43', 1),
(359, '355299050900587', '2013-06-28 07:09:43', 2),
(360, '355299050900587', '2013-06-28 07:09:43', 6),
(361, '355299050900587', '2013-06-28 07:09:43', 1),
(362, '355299050900587', '2013-06-28 07:09:43', 8),
(363, '355299050900587', '2013-06-28 07:09:44', 8),
(364, '355299050900587', '2013-06-28 07:10:08', 9),
(365, '355299050900587', '2013-06-28 07:10:08', 2),
(366, '355299050900587', '2013-06-28 07:10:08', 8),
(367, '355299050900587', '2013-06-28 07:10:08', 2),
(368, '355299050900587', '2013-06-28 07:10:08', 7),
(369, '355299050900587', '2013-06-28 07:10:08', 6),
(370, '355299050900587', '2013-06-28 07:10:08', 4),
(371, '355299050900587', '2013-06-28 07:10:08', 8),
(372, '355299050900587', '2013-06-28 07:10:14', 5),
(373, '355299050900587', '2013-06-28 07:10:14', 5),
(374, '355299050900587', '2013-06-28 07:10:14', 2),
(375, '355299050900587', '2013-06-28 07:10:15', 4),
(376, '355299050900587', '2013-06-28 07:10:15', 0),
(377, '355299050900587', '2013-06-28 07:10:15', 5),
(378, '355299050900587', '2013-06-28 07:10:15', 6),
(379, '355299050900587', '2013-06-28 07:10:16', 0),
(380, '353166051286740', '2013-06-28 07:10:49', 4),
(381, '353166051286740', '2013-06-28 07:10:50', 9),
(382, '353166051286740', '2013-06-28 07:10:52', 6),
(383, '353166051286740', '2013-06-28 07:10:53', 8),
(384, '353166051286740', '2013-06-28 07:10:57', 9),
(385, '353166051286740', '2013-06-28 07:10:57', 2),
(386, '353166051286740', '2013-06-28 07:10:57', 6),
(387, '353166051286740', '2013-06-28 07:10:58', 4),
(388, '353166051286740', '2013-06-28 07:10:58', 6),
(389, '353166051286740', '2013-06-28 07:10:58', 5),
(390, '353166051286740', '2013-06-28 07:10:58', 0),
(391, '353166051286740', '2013-06-28 07:10:58', 6),
(392, '353166051286740', '2013-06-28 07:10:58', 5),
(393, '353166051286740', '2013-06-28 07:10:59', 5),
(394, '353166051286740', '2013-06-28 07:10:59', 0),
(395, '353166051286740', '2013-06-28 07:10:59', 2),
(396, '353166051286740', '2013-06-28 07:10:59', 5),
(397, '353166051286740', '2013-06-28 07:10:59', 8),
(398, '353166051286740', '2013-06-28 07:11:00', 9),
(399, '353166051286740', '2013-06-28 07:11:00', 1),
(400, '353166051286740', '2013-06-28 07:11:00', 1),
(401, '353166051286740', '2013-06-28 07:11:00', 8),
(402, '353166051286740', '2013-06-28 07:11:00', 7),
(403, '353166051286740', '2013-06-28 07:11:00', 5),
(404, '353166051286740', '2013-06-28 07:11:01', 4),
(405, '353166051286740', '2013-06-28 07:11:01', 2),
(406, '353166051286740', '2013-06-28 07:11:01', 4),
(407, '353166051286740', '2013-06-28 07:11:01', 8),
(408, '353166051286740', '2013-06-28 07:11:01', 3),
(409, '353166051286740', '2013-06-28 07:11:02', 6),
(410, '353166051286740', '2013-06-28 07:11:02', 3),
(411, '353166051286740', '2013-06-28 07:11:02', 8),
(412, '353166051286740', '2013-06-28 07:11:02', 1),
(413, '353166051286740', '2013-06-28 07:11:02', 1),
(414, '353166051286740', '2013-06-28 07:11:03', 4),
(415, '353166051286740', '2013-06-28 07:11:03', 2),
(416, '353166051286740', '2013-06-28 07:11:03', 0),
(417, '353166051286740', '2013-06-28 07:11:03', 2),
(418, '353166051286740', '2013-06-28 07:11:04', 4),
(419, '353166051286740', '2013-06-28 07:11:04', 5),
(420, '353166051286740', '2013-06-28 07:11:04', 1),
(421, '353166051286740', '2013-06-28 07:11:04', 5),
(422, '353166051286740', '2013-06-28 07:11:04', 8),
(423, '353166051286740', '2013-06-28 07:11:05', 6),
(424, '353166051286740', '2013-06-28 07:11:05', 7),
(425, '353166051286740', '2013-06-28 07:11:05', 5),
(426, '353166051286740', '2013-06-28 07:11:05', 4),
(427, '353166051286740', '2013-06-28 07:11:05', 0),
(428, '353166051286740', '2013-06-28 07:11:06', 2),
(429, '353166051286740', '2013-06-28 07:11:06', 7),
(430, '353166051286740', '2013-06-28 07:11:06', 3),
(431, '353166051286740', '2013-06-28 07:11:06', 3),
(432, '353166051286740', '2013-06-28 07:11:06', 1),
(433, '353166051286740', '2013-06-28 07:11:07', 6),
(434, '353166051286740', '2013-06-28 07:11:07', 7),
(435, '353166051286740', '2013-06-28 07:11:07', 7),
(436, '353166051286740', '2013-06-28 07:11:07', 2),
(437, '353166051286740', '2013-06-28 07:11:08', 2),
(438, '353166051286740', '2013-06-28 07:11:08', 3),
(439, '353166051286740', '2013-06-28 07:11:08', 2),
(440, '353166051286740', '2013-06-28 07:11:08', 9),
(441, '353166051286740', '2013-06-28 07:11:08', 1),
(442, '353166051286740', '2013-06-28 07:11:09', 1),
(443, '353166051286740', '2013-06-28 07:11:09', 4),
(444, '353166051286740', '2013-06-28 07:11:09', 8),
(445, '353166051286740', '2013-06-28 07:11:09', 0),
(446, '353166051286740', '2013-06-28 07:11:09', 5),
(447, '353166051286740', '2013-06-28 07:11:09', 4),
(448, '353166051286740', '2013-06-28 07:11:10', 9),
(449, '353166051286740', '2013-06-28 07:11:10', 9),
(450, '353166051286740', '2013-06-28 07:11:10', 4),
(451, '353166051286740', '2013-06-28 07:11:10', 4),
(452, '353166051286740', '2013-06-28 07:11:11', 3),
(453, '353166051286740', '2013-06-28 07:11:11', 3),
(454, '353166051286740', '2013-06-28 07:11:11', 6),
(455, '353166051286740', '2013-06-28 07:11:11', 7),
(456, '353166051286740', '2013-06-28 07:11:11', 0),
(457, '353166051286740', '2013-06-28 07:11:12', 2),
(458, '353166051286740', '2013-06-28 07:11:12', 1),
(459, '353166051286740', '2013-06-28 07:11:12', 4),
(460, '353166051286740', '2013-06-28 07:11:12', 0),
(461, '353166051286740', '2013-06-28 07:11:12', 8),
(462, '353166051286740', '2013-06-28 07:11:13', 2),
(463, '353166051286740', '2013-06-28 07:11:13', 2),
(464, '353166051286740', '2013-06-28 07:11:13', 0),
(465, '353166051286740', '2013-06-28 07:11:13', 9),
(466, '353166051286740', '2013-06-28 07:11:13', 2),
(467, '353166051286740', '2013-06-28 07:11:14', 6),
(468, '353166051286740', '2013-06-28 07:11:14', 6),
(469, '353166051286740', '2013-06-28 07:11:14', 5),
(470, '353166051286740', '2013-06-28 07:11:14', 4),
(471, '353166051286740', '2013-06-28 07:11:15', 1),
(472, '353166051286740', '2013-06-28 07:11:15', 1),
(473, '353166051286740', '2013-06-28 07:11:15', 4),
(474, '353166051286740', '2013-06-28 07:11:15', 4),
(475, '353166051286740', '2013-06-28 07:11:16', 4),
(476, '353166051286740', '2013-06-28 07:11:16', 7),
(477, '353166051286740', '2013-06-28 07:11:16', 2),
(478, '353166051286740', '2013-06-28 07:11:16', 3),
(479, '353166051286740', '2013-06-28 07:11:17', 9),
(480, '353166051286740', '2013-06-28 07:11:17', 3),
(481, '353166051286740', '2013-06-28 07:11:17', 7),
(482, '353166051286740', '2013-06-28 07:11:17', 9),
(483, '353166051286740', '2013-06-28 07:11:17', 5),
(484, '353166051286740', '2013-06-28 07:11:18', 9),
(485, '353166051286740', '2013-06-28 07:11:18', 3),
(486, '353166051286740', '2013-06-28 07:11:18', 8),
(487, '353166051286740', '2013-06-28 07:11:18', 4),
(488, '353166051286740', '2013-06-28 07:11:18', 7),
(489, '353166051286740', '2013-06-28 07:11:19', 7),
(490, '353166051286740', '2013-06-28 07:11:19', 6),
(491, '353166051286740', '2013-06-28 07:11:19', 7),
(492, '353166051286740', '2013-06-28 07:11:19', 1),
(493, '353166051286740', '2013-06-28 07:11:19', 3),
(494, '353166051286740', '2013-06-28 07:11:20', 4),
(495, '353166051286740', '2013-06-28 07:11:20', 0),
(496, '353166051286740', '2013-06-28 07:11:20', 6),
(497, '353166051286740', '2013-06-28 07:11:20', 2),
(498, '353166051286740', '2013-06-28 07:11:20', 8),
(499, '353166051286740', '2013-06-28 07:11:21', 5),
(500, '353166051286740', '2013-06-28 07:11:21', 8),
(501, '353166051286740', '2013-06-28 07:11:21', 7),
(502, '353166051286740', '2013-06-28 07:11:21', 1),
(503, '353166051286740', '2013-06-28 07:11:22', 6),
(504, '353166051286740', '2013-06-28 07:11:22', 6),
(505, '353166051286740', '2013-06-28 07:11:22', 4),
(506, '353166051286740', '2013-06-28 07:11:22', 5),
(507, '353166051286740', '2013-06-28 07:11:22', 0),
(508, '353166051286740', '2013-06-28 07:11:22', 5),
(509, '353166051286740', '2013-06-28 07:11:23', 2),
(510, '353166051286740', '2013-06-28 07:11:23', 4),
(511, '353166051286740', '2013-06-28 07:11:23', 8),
(512, '353166051286740', '2013-06-28 07:11:23', 5),
(513, '353166051286740', '2013-06-28 07:11:23', 8),
(514, '353166051286740', '2013-06-28 07:11:24', 9),
(515, '353166051286740', '2013-06-28 07:11:24', 0),
(516, '353166051286740', '2013-06-28 07:11:24', 5),
(517, '353166051286740', '2013-06-28 07:11:24', 7),
(518, '353166051286740', '2013-06-28 07:11:25', 3),
(519, '353166051286740', '2013-06-28 07:11:25', 5),
(520, '353166051286740', '2013-06-28 07:11:25', 3),
(521, '353166051286740', '2013-06-28 07:11:25', 5),
(522, '353166051286740', '2013-06-28 07:11:25', 5),
(523, '353166051286740', '2013-06-28 07:11:26', 3),
(524, '353166051286740', '2013-06-28 07:11:26', 4),
(525, '353166051286740', '2013-06-28 07:11:26', 3),
(526, '353166051286740', '2013-06-28 07:11:26', 1),
(527, '353166051286740', '2013-06-28 07:11:27', 1),
(528, '353166051286740', '2013-06-28 07:11:27', 2),
(529, '353166051286740', '2013-06-28 07:11:27', 6),
(530, '353166051286740', '2013-06-28 07:11:27', 8),
(531, '353166051286740', '2013-06-28 07:11:27', 4),
(532, '353166051286740', '2013-06-28 07:11:28', 7),
(533, '353166051286740', '2013-06-28 07:11:28', 1),
(534, '353166051286740', '2013-06-28 07:11:28', 9),
(535, '353166051286740', '2013-06-28 07:11:28', 2),
(536, '353166051286740', '2013-06-28 07:11:29', 4),
(537, '353166051286740', '2013-06-28 07:11:29', 5),
(538, '353166051286740', '2013-06-28 07:11:29', 6),
(539, '353166051286740', '2013-06-28 07:11:29', 1),
(540, '353166051286740', '2013-06-28 07:11:30', 3),
(541, '353166051286740', '2013-06-28 07:11:30', 5),
(542, '353166051286740', '2013-06-28 07:11:30', 8),
(543, '353166051286740', '2013-06-28 07:11:30', 0),
(544, '353166051286740', '2013-06-28 07:11:30', 3),
(545, '353166051286740', '2013-06-28 07:11:31', 3),
(546, '353166051286740', '2013-06-28 07:11:31', 9),
(547, '353166051286740', '2013-06-28 07:11:31', 2),
(548, '353166051286740', '2013-06-28 07:11:32', 4),
(549, '353166051286740', '2013-06-28 07:11:32', 3),
(550, '353166051286740', '2013-06-28 07:11:32', 4),
(551, '353166051286740', '2013-06-28 07:11:32', 3),
(552, '353166051286740', '2013-06-28 07:11:32', 3),
(553, '353166051286740', '2013-06-28 07:11:33', 6),
(554, '353166051286740', '2013-06-28 07:11:33', 2),
(555, '353166051286740', '2013-06-28 07:11:33', 0),
(556, '353166051286740', '2013-06-28 07:11:33', 6),
(557, '353166051286740', '2013-06-28 07:11:34', 2),
(558, '353166051286740', '2013-06-28 07:11:34', 1),
(559, '353166051286740', '2013-06-28 07:11:34', 0),
(560, '353166051286740', '2013-06-28 07:11:34', 2),
(561, '353166051286740', '2013-06-28 07:11:35', 2),
(562, '353166051286740', '2013-06-28 07:11:35', 7),
(563, '353166051286740', '2013-06-28 07:11:35', 1),
(564, '353166051286740', '2013-06-28 07:11:35', 9),
(565, '353166051286740', '2013-06-28 07:11:36', 4),
(566, '353166051286740', '2013-06-28 07:11:36', 4),
(567, '353166051286740', '2013-06-28 07:11:36', 8),
(568, '353166051286740', '2013-06-28 07:11:37', 8),
(569, '353166051286740', '2013-06-28 07:11:37', 2),
(570, '353166051286740', '2013-06-28 07:11:37', 7),
(571, '353166051286740', '2013-06-28 07:11:37', 6),
(572, '353166051286740', '2013-06-28 07:11:37', 8),
(573, '353166051286740', '2013-06-28 07:11:38', 8),
(574, '353166051286740', '2013-06-28 07:11:38', 5),
(575, '353166051286740', '2013-06-28 07:11:38', 9),
(576, '353166051286740', '2013-06-28 07:11:38', 6),
(577, '353166051286740', '2013-06-28 07:11:38', 2),
(578, '353166051286740', '2013-06-28 07:11:39', 1),
(579, '353166051286740', '2013-06-28 07:11:39', 1),
(580, '353166051286740', '2013-06-28 07:11:39', 6),
(581, '353166051286740', '2013-06-28 07:11:39', 0),
(582, '353166051286740', '2013-06-28 07:11:39', 3),
(583, '353166051286740', '2013-06-28 07:11:39', 6),
(584, '353166051286740', '2013-06-28 07:11:40', 7),
(585, '353166051286740', '2013-06-28 07:11:40', 3),
(586, '353166051286740', '2013-06-28 07:11:40', 8),
(587, '353166051286740', '2013-06-28 07:11:40', 3),
(588, '353166051286740', '2013-06-28 07:11:40', 0),
(589, '353166051286740', '2013-06-28 07:11:41', 3),
(590, '353166051286740', '2013-06-28 07:11:41', 4),
(591, '353166051286740', '2013-06-28 07:11:41', 1),
(592, '353166051286740', '2013-06-28 07:11:41', 3),
(593, '353166051286740', '2013-06-28 07:11:42', 0),
(594, '353166051286740', '2013-06-28 07:11:42', 6),
(595, '353166051286740', '2013-06-28 07:11:42', 1),
(596, '353166051286740', '2013-06-28 07:11:42', 0),
(597, '353166051286740', '2013-06-28 07:11:43', 2),
(598, '353166051286740', '2013-06-28 07:11:43', 4),
(599, '353166051286740', '2013-06-28 07:11:43', 9),
(600, '353166051286740', '2013-06-28 07:11:43', 9),
(601, '353166051286740', '2013-06-28 07:11:43', 9),
(602, '353166051286740', '2013-06-28 07:11:44', 7),
(603, '353166051286740', '2013-06-28 07:11:44', 3),
(604, '353166051286740', '2013-06-28 07:11:44', 1),
(605, '353166051286740', '2013-06-28 07:11:44', 5),
(606, '353166051286740', '2013-06-28 07:11:44', 7),
(607, '353166051286740', '2013-06-28 07:11:45', 6),
(608, '353166051286740', '2013-06-28 07:11:45', 7),
(609, '353166051286740', '2013-06-28 07:11:45', 2),
(610, '353166051286740', '2013-06-28 07:11:45', 3),
(611, '353166051286740', '2013-06-28 07:11:46', 9),
(612, '353166051286740', '2013-06-28 07:11:46', 7),
(613, '353166051286740', '2013-06-28 07:11:46', 2),
(614, '353166051286740', '2013-06-28 07:11:46', 9),
(615, '353166051286740', '2013-06-28 07:11:47', 7),
(616, '353166051286740', '2013-06-28 07:11:47', 4),
(617, '353166051286740', '2013-06-28 07:11:47', 8),
(618, '353166051286740', '2013-06-28 07:11:50', 1),
(619, '353166051286740', '2013-06-28 07:11:51', 0),
(620, '353166051286740', '2013-06-28 07:11:51', 5),
(621, '353166051286740', '2013-06-28 07:11:51', 2),
(622, '353166051286740', '2013-06-28 07:11:51', 1),
(623, '353166051286740', '2013-06-28 07:11:51', 1),
(624, '353166051286740', '2013-06-28 07:11:52', 8),
(625, '353166051286740', '2013-06-28 07:11:52', 3),
(626, '353166051286740', '2013-06-28 07:11:52', 8),
(627, '353166051286740', '2013-06-28 07:11:52', 9),
(628, '353166051286740', '2013-06-28 07:11:52', 5),
(629, '353166051286740', '2013-06-28 07:11:53', 9),
(630, '353166051286740', '2013-06-28 07:11:53', 8),
(631, '353166051286740', '2013-06-28 07:11:53', 2),
(632, '353166051286740', '2013-06-28 07:11:53', 9),
(633, '353166051286740', '2013-06-28 07:11:53', 3),
(634, '353166051286740', '2013-06-28 07:11:54', 3),
(635, '353166051286740', '2013-06-28 07:11:54', 6),
(636, '353166051286740', '2013-06-28 07:11:54', 2),
(637, '353166051286740', '2013-06-28 07:11:54', 4),
(638, '353166051286740', '2013-06-28 07:11:54', 2),
(639, '353166051286740', '2013-06-28 07:11:55', 4),
(640, '353166051286740', '2013-06-28 07:11:55', 7),
(641, '353166051286740', '2013-06-28 07:11:55', 4),
(642, '353166051286740', '2013-06-28 07:11:55', 6),
(643, '353166051286740', '2013-06-28 07:11:56', 7),
(644, '353166051286740', '2013-06-28 07:11:56', 8),
(645, '353166051286740', '2013-06-28 07:11:56', 1),
(646, '353166051286740', '2013-06-28 07:11:56', 3),
(647, '353166051286740', '2013-06-28 07:11:56', 9),
(648, '353166051286740', '2013-06-28 07:11:57', 5),
(649, '353166051286740', '2013-06-28 07:11:57', 3),
(650, '353166051286740', '2013-06-28 07:11:57', 9),
(651, '353166051286740', '2013-06-28 07:11:57', 6),
(652, '353166051286740', '2013-06-28 07:11:57', 9),
(653, '353166051286740', '2013-06-28 07:11:58', 7),
(654, '353166051286740', '2013-06-28 07:11:58', 4),
(655, '353166051286740', '2013-06-28 07:11:58', 0),
(656, '353166051286740', '2013-06-28 07:11:58', 0),
(657, '353166051286740', '2013-06-28 07:11:59', 6),
(658, '353166051286740', '2013-06-28 07:11:59', 3),
(659, '353166051286740', '2013-06-28 07:11:59', 4),
(660, '353166051286740', '2013-06-28 07:11:59', 2),
(661, '353166051286740', '2013-06-28 07:12:00', 8),
(662, '353166051286740', '2013-06-28 07:12:00', 7),
(663, '353166051286740', '2013-06-28 07:12:00', 2),
(664, '353166051286740', '2013-06-28 07:12:00', 2),
(665, '353166051286740', '2013-06-28 07:12:01', 7),
(666, '353166051286740', '2013-06-28 07:12:01', 4),
(667, '353166051286740', '2013-06-28 07:12:01', 5),
(668, '353166051286740', '2013-06-28 07:12:01', 1),
(669, '353166051286740', '2013-06-28 07:12:01', 4),
(670, '353166051286740', '2013-06-28 07:12:02', 0),
(671, '353166051286740', '2013-06-28 07:12:02', 8),
(672, '353166051286740', '2013-06-28 07:12:02', 6),
(673, '353166051286740', '2013-06-28 07:12:02', 7),
(674, '353166051286740', '2013-06-28 07:12:03', 6),
(675, '353166051286740', '2013-06-28 07:12:03', 0),
(676, '353166051286740', '2013-06-28 07:12:03', 9),
(677, '353166051286740', '2013-06-28 07:12:03', 7),
(678, '353166051286740', '2013-06-28 07:12:04', 3),
(679, '353166051286740', '2013-06-28 07:12:04', 7),
(680, '353166051286740', '2013-06-28 07:12:04', 7),
(681, '353166051286740', '2013-06-28 07:12:04', 5),
(682, '353166051286740', '2013-06-28 07:12:05', 5),
(683, '353166051286740', '2013-06-28 07:12:05', 0),
(684, '353166051286740', '2013-06-28 07:12:05', 5),
(685, '353166051286740', '2013-06-28 07:12:05', 7),
(686, '353166051286740', '2013-06-28 07:12:06', 4),
(687, '353166051286740', '2013-06-28 07:12:06', 6),
(688, '353166051286740', '2013-06-28 07:12:06', 8),
(689, '353166051286740', '2013-06-28 07:12:06', 2),
(690, '353166051286740', '2013-06-28 07:12:06', 8),
(691, '353166051286740', '2013-06-28 07:12:07', 7),
(692, '353166051286740', '2013-06-28 07:12:07', 4),
(693, '353166051286740', '2013-06-28 07:12:07', 7),
(694, '353166051286740', '2013-06-28 07:12:07', 3),
(695, '353166051286740', '2013-06-28 07:12:08', 2),
(696, '353166051286740', '2013-06-28 07:12:08', 8),
(697, '353166051286740', '2013-06-28 07:12:08', 4),
(698, '353166051286740', '2013-06-28 07:12:08', 9),
(699, '353166051286740', '2013-06-28 07:12:09', 0),
(700, '353166051286740', '2013-06-28 07:12:09', 0),
(701, '353166051286740', '2013-06-28 07:12:09', 4),
(702, '353166051286740', '2013-06-28 07:12:09', 8),
(703, '353166051286740', '2013-06-28 07:12:10', 8),
(704, '353166051286740', '2013-06-28 07:12:10', 5),
(705, '353166051286740', '2013-06-28 07:12:10', 6),
(706, '353166051286740', '2013-06-28 07:12:10', 5),
(707, '353166051286740', '2013-06-28 07:12:11', 6),
(708, '353166051286740', '2013-06-28 07:12:11', 0),
(709, '353166051286740', '2013-06-28 07:12:11', 6),
(710, '353166051286740', '2013-06-28 07:12:11', 2),
(711, '353166051286740', '2013-06-28 07:12:11', 6),
(712, '353166051286740', '2013-06-28 07:12:12', 7),
(713, '353166051286740', '2013-06-28 07:12:12', 9),
(714, '353166051286740', '2013-06-28 07:12:12', 1),
(715, '353166051286740', '2013-06-28 07:12:12', 5),
(716, '353166051286740', '2013-06-28 07:12:12', 8),
(717, '353166051286740', '2013-06-28 07:12:13', 9),
(718, '353166051286740', '2013-06-28 07:12:13', 7),
(719, '353166051286740', '2013-06-28 07:12:13', 5),
(720, '353166051286740', '2013-06-28 07:12:13', 3),
(721, '353166051286740', '2013-06-28 07:12:13', 4),
(722, '353166051286740', '2013-06-28 07:12:13', 6),
(723, '353166051286740', '2013-06-28 07:12:14', 6),
(724, '353166051286740', '2013-06-28 07:12:14', 8),
(725, '353166051286740', '2013-06-28 07:12:14', 3),
(726, '353166051286740', '2013-06-28 07:12:14', 6),
(727, '353166051286740', '2013-06-28 07:12:14', 6),
(728, '353166051286740', '2013-06-28 07:12:15', 2),
(729, '353166051286740', '2013-06-28 07:12:15', 3),
(730, '353166051286740', '2013-06-28 07:12:15', 9),
(731, '353166051286740', '2013-06-28 07:12:15', 4),
(732, '353166051286740', '2013-06-28 07:12:15', 7),
(733, '353166051286740', '2013-06-28 07:12:15', 6),
(734, '353166051286740', '2013-06-28 07:12:16', 2),
(735, '353166051286740', '2013-06-28 07:12:16', 5),
(736, '353166051286740', '2013-06-28 07:12:16', 9),
(737, '353166051286740', '2013-06-28 07:12:16', 3),
(738, '353166051286740', '2013-06-28 07:12:16', 9),
(739, '353166051286740', '2013-06-28 07:12:17', 0),
(740, '353166051286740', '2013-06-28 07:12:17', 2),
(741, '353166051286740', '2013-06-28 07:12:17', 2),
(742, '353166051286740', '2013-06-28 07:12:17', 0),
(743, '353166051286740', '2013-06-28 07:12:18', 6),
(744, '353166051286740', '2013-06-28 07:12:18', 0),
(745, '353166051286740', '2013-06-28 07:12:18', 1),
(746, '353166051286740', '2013-06-28 07:12:18', 5),
(747, '353166051286740', '2013-06-28 07:12:18', 5),
(748, '353166051286740', '2013-06-28 07:12:19', 7),
(749, '353166051286740', '2013-06-28 07:12:19', 3),
(750, '353166051286740', '2013-06-28 07:12:19', 4),
(751, '353166051286740', '2013-06-28 07:12:19', 2),
(752, '353166051286740', '2013-06-28 07:12:19', 8),
(753, '353166051286740', '2013-06-28 07:12:20', 1),
(754, '353166051286740', '2013-06-28 07:12:20', 6),
(755, '353166051286740', '2013-06-28 07:12:20', 8),
(756, '353166051286740', '2013-06-28 07:12:20', 0),
(757, '353166051286740', '2013-06-28 07:12:20', 6),
(758, '353166051286740', '2013-06-28 07:12:20', 1),
(759, '353166051286740', '2013-06-28 07:12:21', 7),
(760, '353166051286740', '2013-06-28 07:12:21', 5),
(761, '353166051286740', '2013-06-28 07:12:21', 4),
(762, '353166051286740', '2013-06-28 07:12:21', 3),
(763, '353166051286740', '2013-06-28 07:12:22', 6),
(764, '353166051286740', '2013-06-28 07:12:22', 7),
(765, '353166051286740', '2013-06-28 07:12:22', 0),
(766, '353166051286740', '2013-06-28 07:12:22', 0),
(767, '353166051286740', '2013-06-28 07:12:23', 9),
(768, '353166051286740', '2013-06-28 07:12:23', 5),
(769, '353166051286740', '2013-06-28 07:12:23', 3),
(770, '353166051286740', '2013-06-28 07:12:23', 5),
(771, '353166051286740', '2013-06-28 07:12:23', 4),
(772, '353166051286740', '2013-06-28 07:12:24', 8),
(773, '353166051286740', '2013-06-28 07:12:24', 0),
(774, '353166051286740', '2013-06-28 07:12:24', 7),
(775, '353166051286740', '2013-06-28 07:12:24', 7),
(776, '353166051286740', '2013-06-28 07:12:24', 8),
(777, '353166051286740', '2013-06-28 07:12:25', 1),
(778, '353166051286740', '2013-06-28 07:12:25', 7),
(779, '353166051286740', '2013-06-28 07:12:25', 3),
(780, '353166051286740', '2013-06-28 07:12:25', 0),
(781, '353166051286740', '2013-06-28 07:12:25', 0),
(782, '353166051286740', '2013-06-28 07:12:26', 5),
(783, '353166051286740', '2013-06-28 07:12:26', 7),
(784, '353166051286740', '2013-06-28 07:12:26', 5),
(785, '353166051286740', '2013-06-28 07:12:26', 3),
(786, '353166051286740', '2013-06-28 07:12:26', 7),
(787, '353166051286740', '2013-06-28 07:12:27', 8),
(788, '353166051286740', '2013-06-28 07:12:27', 1),
(789, '353166051286740', '2013-06-28 07:12:27', 3),
(790, '353166051286740', '2013-06-28 07:12:27', 8),
(791, '353166051286740', '2013-06-28 07:12:27', 5),
(792, '353166051286740', '2013-06-28 07:12:28', 3),
(793, '353166051286740', '2013-06-28 07:12:28', 7),
(794, '353166051286740', '2013-06-28 07:12:28', 7),
(795, '353166051286740', '2013-06-28 07:12:28', 1),
(796, '353166051286740', '2013-06-28 07:12:28', 6),
(797, '353166051286740', '2013-06-28 07:12:29', 1),
(798, '353166051286740', '2013-06-28 07:12:29', 5),
(799, '353166051286740', '2013-06-28 07:12:29', 1),
(800, '353166051286740', '2013-06-28 07:12:29', 2),
(801, '353166051286740', '2013-06-28 07:12:30', 9),
(802, '353166051286740', '2013-06-28 07:12:30', 1),
(803, '353166051286740', '2013-06-28 07:12:30', 5),
(804, '353166051286740', '2013-06-28 07:12:30', 5),
(805, '353166051286740', '2013-06-28 07:12:31', 0),
(806, '353166051286740', '2013-06-28 07:12:31', 8),
(807, '353166051286740', '2013-06-28 07:12:31', 8),
(808, '353166051286740', '2013-06-28 07:12:31', 1),
(809, '353166051286740', '2013-06-28 07:12:31', 1),
(810, '353166051286740', '2013-06-28 07:12:32', 3),
(811, '353166051286740', '2013-06-28 07:12:32', 6),
(812, '353166051286740', '2013-06-28 07:12:32', 9),
(813, '353166051286740', '2013-06-28 07:12:32', 5),
(814, '353166051286740', '2013-06-28 07:12:33', 7),
(815, '353166051286740', '2013-06-28 07:12:33', 6),
(816, '353166051286740', '2013-06-28 07:12:33', 1),
(817, '353166051286740', '2013-06-28 07:12:33', 6),
(818, '353166051286740', '2013-06-28 07:12:33', 5),
(819, '353166051286740', '2013-06-28 07:12:34', 3),
(820, '353166051286740', '2013-06-28 07:12:34', 0),
(821, '353166051286740', '2013-06-28 07:12:34', 8),
(822, '353166051286740', '2013-06-28 07:12:34', 9),
(823, '353166051286740', '2013-06-28 07:12:34', 8),
(824, '353166051286740', '2013-06-28 07:12:34', 9),
(825, '353166051286740', '2013-06-28 07:12:35', 5),
(826, '353166051286740', '2013-06-28 07:12:35', 1),
(827, '353166051286740', '2013-06-28 07:12:35', 3),
(828, '353166051286740', '2013-06-28 07:12:35', 0),
(829, '353166051286740', '2013-06-28 07:12:35', 6),
(830, '353166051286740', '2013-06-28 07:12:36', 7),
(831, '353166051286740', '2013-06-28 07:12:36', 8),
(832, '353166051286740', '2013-06-28 07:12:36', 7),
(833, '353166051286740', '2013-06-28 07:12:36', 9),
(834, '353166051286740', '2013-06-28 07:12:37', 3),
(835, '353166051286740', '2013-06-28 07:12:37', 0),
(836, '353166051286740', '2013-06-28 07:12:37', 7),
(837, '353166051286740', '2013-06-28 07:12:37', 5),
(838, '353166051286740', '2013-06-28 07:12:37', 9),
(839, '353166051286740', '2013-06-28 07:12:38', 6),
(840, '353166051286740', '2013-06-28 07:12:38', 8),
(841, '353166051286740', '2013-06-28 07:12:38', 9),
(842, '353166051286740', '2013-06-28 07:12:38', 2),
(843, '353166051286740', '2013-06-28 07:12:39', 3),
(844, '353166051286740', '2013-06-28 07:12:39', 3),
(845, '353166051286740', '2013-06-28 07:12:39', 3),
(846, '353166051286740', '2013-06-28 07:12:39', 8),
(847, '353166051286740', '2013-06-28 07:12:39', 5),
(848, '353166051286740', '2013-06-28 07:12:40', 6),
(849, '353166051286740', '2013-06-28 07:12:40', 4),
(850, '353166051286740', '2013-06-28 07:12:40', 5),
(851, '353166051286740', '2013-06-28 07:12:40', 5),
(852, '353166051286740', '2013-06-28 07:12:41', 1),
(853, '353166051286740', '2013-06-28 07:12:41', 0),
(854, '353166051286740', '2013-06-28 07:12:41', 4),
(855, '353166051286740', '2013-06-28 07:12:41', 6),
(856, '353166051286740', '2013-06-28 07:12:42', 1),
(857, '353166051286740', '2013-06-28 07:12:42', 1),
(858, '353166051286740', '2013-06-28 07:12:42', 8),
(859, '353166051286740', '2013-06-28 07:12:42', 1),
(860, '353166051286740', '2013-06-28 07:12:43', 6),
(861, '353166051286740', '2013-06-28 07:12:43', 9),
(862, '353166051286740', '2013-06-28 07:12:43', 4),
(863, '353166051286740', '2013-06-28 07:12:43', 1),
(864, '353166051286740', '2013-06-28 07:12:44', 4),
(865, '353166051286740', '2013-06-28 07:12:44', 7),
(866, '353166051286740', '2013-06-28 07:12:44', 8),
(867, '353166051286740', '2013-06-28 07:12:45', 0),
(868, '353166051286740', '2013-06-28 07:12:45', 5),
(869, '353166051286740', '2013-06-28 07:12:45', 5),
(870, '353166051286740', '2013-06-28 07:12:45', 4),
(871, '353166051286740', '2013-06-28 07:12:45', 4),
(872, '353166051286740', '2013-06-28 07:12:46', 8),
(873, '353166051286740', '2013-06-28 07:12:46', 3),
(874, '353166051286740', '2013-06-28 07:12:46', 3),
(875, '353166051286740', '2013-06-28 07:12:46', 9),
(876, '353166051286740', '2013-06-28 07:12:47', 0),
(877, '353166051286740', '2013-06-28 07:12:47', 5),
(878, '353166051286740', '2013-06-28 07:12:47', 7),
(879, '353166051286740', '2013-06-28 07:12:47', 2),
(880, '353166051286740', '2013-06-28 07:12:48', 6),
(881, '353166051286740', '2013-06-28 07:12:48', 1),
(882, '353166051286740', '2013-06-28 07:12:48', 2),
(883, '353166051286740', '2013-06-28 07:12:48', 7),
(884, '353166051286740', '2013-06-28 07:12:48', 6),
(885, '353166051286740', '2013-06-28 07:46:27', 8),
(886, '353166051286740', '2013-06-28 07:47:50', 8),
(887, '353166051286740', '2013-06-28 07:49:36', 8),
(888, '353166051286740', '2013-06-28 07:53:04', 8),
(889, '353166051286740', '2013-06-28 07:54:57', 8),
(890, '353166051286740', '2013-06-28 07:55:48', 8),
(891, '353166051286740', '2013-06-28 07:56:40', 8),
(892, '353166051286740', '2013-06-28 07:57:30', 8),
(893, '353166051286740', '2013-06-28 07:58:23', 8),
(894, '353166051286740', '2013-06-28 07:59:14', 8),
(895, '353166051286740', '2013-06-28 08:02:43', 8),
(896, '353166051286740', '2013-06-28 08:03:30', 8),
(897, '353166051286740', '2013-06-28 08:05:38', 8),
(898, '353166051286740', '2013-06-28 08:07:38', 8),
(899, '353166051286740', '2013-06-28 08:08:30', 8),
(900, '353166051286740', '2013-06-28 08:09:32', 8),
(901, '353166051286740', '2013-06-28 08:10:16', 8),
(902, '353166051286740', '2013-06-28 08:11:13', 8),
(903, '353166051286740', '2013-06-28 08:12:03', 8),
(904, '353166051286740', '2013-06-28 08:12:53', 8),
(905, '353166051286740', '2013-06-28 08:13:44', 8),
(906, '353166051286740', '2013-06-28 08:14:40', 8),
(907, '353166051286740', '2013-06-28 08:15:30', 8),
(908, '353166051286740', '2013-06-28 08:16:40', 8),
(909, '353166051286740', '2013-06-28 08:17:47', 8);

-- --------------------------------------------------------

--
-- Structure for view `groupedUrlView`
--
DROP TABLE IF EXISTS `groupedUrlView`;

CREATE ALGORITHM=UNDEFINED DEFINER=`carstpb26_plab`@`localhost` SQL SECURITY DEFINER VIEW `groupedUrlView` AS select `Reclames`.`url` AS `url`,count(0) AS `count` from ((((`Users` join `UI`) join `Intresses`) join `IR`) join `Reclames`) where ((`Users`.`id` = `UI`.`id_Users`) and (`Intresses`.`id` = `UI`.`id_Intresses`) and (`Intresses`.`id` = `IR`.`id_Intresses`) and (`IR`.`id_Reclames` = `Reclames`.`id`) and (`Users`.`id_Boards` = 1)) group by `Reclames`.`url`;

/*!40101 SET CHARACTER_SET_CLIENT=@OLD_CHARACTER_SET_CLIENT */;
/*!40101 SET CHARACTER_SET_RESULTS=@OLD_CHARACTER_SET_RESULTS */;
/*!40101 SET COLLATION_CONNECTION=@OLD_COLLATION_CONNECTION */;
